test,predict,testlabel,predictlabel
0.61725,0.6223994,0,0
0.6162,0.6325971,0,0
0.6432,0.68427503,1,1
0.7217692310000001,0.6658867,2,1
0.767538462,0.6911115,2,1
