test,predict,testlabel,predictlabel
0.616636364,0.6205318,0,0
0.6460833330000001,0.6471503,1,1
0.682384615,0.6584821,1,1
0.704833333,0.64311475,2,1
0.726153846,0.68691283,2,1
