test,predict,testlabel,predictlabel
0.616636364,0.73980165,0,2
0.6460833330000001,0.64237446,1,1
0.682384615,0.6411688,1,1
0.704833333,0.64238495,2,1
0.726153846,0.72028786,2,2
