test,predict,testlabel,predictlabel
0.617916667,0.6054097,0,0
0.638166667,0.62641263,0,0
0.6507333329999999,0.68687105,1,1
0.719571429,0.66074854,2,1
0.708692308,0.6796484,2,1
