test,predict,testlabel,predictlabel
0.617916667,0.59488505,0,0
0.638166667,0.62823343,0,0
0.6507333329999999,0.65728015,1,1
0.719571429,0.6664911,2,1
0.708692308,0.6745271,2,1
