test,predict,testlabel,predictlabel
0.613909091,0.7199331,0,2
0.637583333,0.6588765,0,1
0.6439999999999999,0.67622167,1,1
0.681,0.7048325,1,2
0.714,0.72793436,2,2
