test,predict,testlabel,predictlabel
0.618583333,0.635137,0,0
0.62,0.6898343,0,1
0.656230769,0.63712454,1,0
0.712076923,0.6738568,2,1
0.757571429,0.6567604,2,1
