test,predict,testlabel,predictlabel
0.613909091,0.70618796,0,2
0.637583333,0.69072,0,1
0.6439999999999999,0.6639235,1,1
0.681,0.70600986,1,2
0.714,0.7072011,2,2
