test,predict,testlabel,predictlabel
0.618583333,0.634233,0,0
0.62,0.69532806,0,1
0.656230769,0.6425316,1,1
0.712076923,0.7120992,2,2
0.757571429,0.6800343,2,1
