test,predict,testlabel,predictlabel
0.616636364,0.6831079,0,1
0.6460833330000001,0.64195687,1,1
0.682384615,0.6240081,1,0
0.704833333,0.6332806,2,0
0.726153846,0.69226354,2,1
