test,predict,testlabel,predictlabel
0.61725,0.62334746,0,0
0.6162,0.65997463,0,1
0.6432,0.66278666,1,1
0.7217692310000001,0.684924,2,1
0.767538462,0.6527019,2,1
