test,predict,testlabel,predictlabel
0.626,0.616511,0,0
0.621727273,0.61167294,0,0
0.6596666669999999,0.6133046,1,0
0.699933333,0.6257318,1,0
0.719,0.74862397,2,2
