test,predict,testlabel,predictlabel
0.613909091,0.7325218,0,2
0.637583333,0.7272983,0,2
0.6439999999999999,0.7033806,1,2
0.681,0.71976286,1,2
0.714,0.73507756,2,2
