test,predict,testlabel,predictlabel
0.616636364,0.6245149,0,0
0.6460833330000001,0.63793576,1,0
0.682384615,0.6510344,1,1
0.704833333,0.6426032,2,1
0.726153846,0.6709261,2,1
