test,predict,testlabel,predictlabel
0.61725,0.62808585,0,0
0.6162,0.6404035,0,1
0.6432,0.6429926,1,1
0.7217692310000001,0.65117526,2,1
0.767538462,0.67771107,2,1
