test,predict,testlabel,predictlabel
0.60675,0.6377968,0,0
0.62475,0.65086323,0,1
0.6628571429999999,0.653793,1,1
0.692272727,0.73032784,1,2
0.735230769,0.63542515,2,0
