test,predict,testlabel,predictlabel
0.617916667,0.6197481,0,0
0.638166667,0.6307826,0,0
0.6507333329999999,0.71598446,1,2
0.719571429,0.696402,2,1
0.708692308,0.6878491,2,1
