test,predict,testlabel,predictlabel
0.626,0.6084476,0,0
0.621727273,0.6230917,0,0
0.6596666669999999,0.619417,1,0
0.699933333,0.6332513,1,0
0.719,0.7633113,2,2
