test,predict,testlabel,predictlabel
0.613909091,0.7148026,0,2
0.637583333,0.6796976,0,1
0.6439999999999999,0.69471437,1,1
0.681,0.7060702,1,2
0.714,0.72208667,2,2
