test,predict,testlabel,predictlabel
0.626,0.62211543,0,0
0.621727273,0.60525846,0,0
0.6596666669999999,0.6085166,1,0
0.699933333,0.61405736,1,0
0.719,0.7438014,2,2
