test,predict,testlabel,predictlabel
0.613909091,0.7220232,0,2
0.637583333,0.6948228,0,1
0.6439999999999999,0.6657608,1,1
0.681,0.73559445,1,2
0.714,0.76095796,2,2
