test,predict,testlabel,predictlabel
0.616636364,0.6427123,0,1
0.6460833330000001,0.63502103,1,0
0.682384615,0.63776964,1,0
0.704833333,0.64500856,2,1
0.726153846,0.6778709,2,1
