test,predict,testlabel,predictlabel
0.60675,0.6048611,0,0
0.62475,0.64381474,0,1
0.6628571429999999,0.66632915,1,1
0.692272727,0.72597563,1,2
0.735230769,0.6433693,2,1
