test,predict,testlabel,predictlabel
0.61725,0.643508,0,1
0.6162,0.6453222,0,1
0.6432,0.68281436,1,1
0.7217692310000001,0.6554984,2,1
0.767538462,0.7029921,2,2
