test,predict,testlabel,predictlabel
0.61725,0.64870775,0,1
0.6162,0.65362763,0,1
0.6432,0.68205136,1,1
0.7217692310000001,0.65858406,2,1
0.767538462,0.6543889,2,1
