test,predict,testlabel,predictlabel
0.618583333,0.6151554,0,0
0.62,0.6755187,0,1
0.656230769,0.6501318,1,1
0.712076923,0.6916779,2,1
0.757571429,0.69540495,2,1
