test,predict,testlabel,predictlabel
0.618583333,0.6447766,0,1
0.62,0.6430022,0,1
0.656230769,0.6231122,1,0
0.712076923,0.6899615,2,1
0.757571429,0.6374532,2,0
