test,predict,testlabel,predictlabel
0.617916667,0.59540725,0,0
0.638166667,0.6266545,0,0
0.6507333329999999,0.68353826,1,1
0.719571429,0.6673972,2,1
0.708692308,0.6896468,2,1
