test,predict,testlabel,predictlabel
0.60675,0.6209827,0,0
0.62475,0.6244378,0,0
0.6628571429999999,0.65284777,1,1
0.692272727,0.71788067,1,2
0.735230769,0.61755514,2,0
