test,predict,testlabel,predictlabel
0.626,0.61146754,0,0
0.621727273,0.6063346,0,0
0.6596666669999999,0.6133928,1,0
0.699933333,0.6370138,1,0
0.719,0.74390936,2,2
