test,predict,testlabel,predictlabel
0.617916667,0.6117115,0,0
0.638166667,0.64285237,0,1
0.6507333329999999,0.7038599,1,2
0.719571429,0.63099605,2,0
0.708692308,0.7147257,2,2
