test,predict,testlabel,predictlabel
0.60675,0.6222943,0,0
0.62475,0.67114425,0,1
0.6628571429999999,0.6712889,1,1
0.692272727,0.7271484,1,2
0.735230769,0.65100825,2,1
