test,predict,testlabel,predictlabel
0.60675,0.6144711,0,0
0.62475,0.63451475,0,0
0.6628571429999999,0.6451797,1,1
0.692272727,0.6871888,1,1
0.735230769,0.635285,2,0
