test,predict,testlabel,predictlabel
0.618583333,0.62955725,0,0
0.62,0.6683504,0,1
0.656230769,0.63877714,1,0
0.712076923,0.6902064,2,1
0.757571429,0.64489454,2,1
