test,predict,testlabel,predictlabel
0.626,0.61944216,0,0
0.621727273,0.60860676,0,0
0.6596666669999999,0.61193997,1,0
0.699933333,0.62366897,1,0
0.719,0.7596028,2,2
